pid,name,cpu_percent,memory_percent
4489,Process_0,47.00989248241573,31.24882474482697
2987,Process_1,5.046963299532258,37.47264046187005
4528,Process_2,41.17874530545932,16.43145102538508
3490,Process_3,35.917510110695545,3.3562921281226177
3839,Process_4,4.839356922090316,42.66671733504987
2007,Process_5,13.719648615766179,27.444095334051237
4329,Process_6,18.657174007151394,32.39658025681991
4579,Process_7,42.41196310567917,42.64526098523784
3568,Process_8,49.84422409526051,45.01884658431788
3351,Process_9,10.590348525767023,8.720976397928649
